{"epoch": 4, "loss": 81771.4765625, "crossent_loss": 2.3025851249694824, "reg_loss": 204422.921875, "_timestamp": 1676155547.639264, "_runtime": 36.26921820640564, "_step": 49, "_wandb": {"runtime": 30}}